display_name,stub,dropdown_parent
Home,/,
Learn,/learn.html,
Crabtree Flintknapping,,
Browse,/artifacts/browse.html,Crabtree Flintknapping
Categories,/artifacts/cloud.html,Crabtree Flintknapping
Data,/artifacts/data.html,Crabtree Flintknapping
Crabtree Archives,,
Browse,/archives/browse.html,Crabtree Archives
Subjects,/archives/subjects.html,Crabtree Archives
Locations,/archives/locations.html,Crabtree Archives
Map,/archives/map.html,Crabtree Archives
Timeline,/archives/timeline.html,Crabtree Archives
Data,/archives/data.html,Crabtree Archives
Native Perspectives,/perspectives.html,
About,,
About the Project,/about.html,About
Digitization,/digitization.html,About
About the Collection,/collection.html,About
About Donald Crabtree,/crabtree.html,About
